Dependent	HypothesisType	Source	DF	SS	MS	FValue	ProbF
fac4	1	group	3	20673.59000	6891.19667	274.55	<.0001
fac4	3	group	3	20673.59000	6891.19667	274.55	<.0001
