Dependent	HypothesisType	Source	DF	SS	MS	FValue	ProbF
fac4	1	source	1	4850.136750	4850.136750	241.84	<.0001
fac4	3	source	1	4850.136750	4850.136750	241.84	<.0001
