Dependent	HypothesisType	Source	DF	SS	MS	FValue	ProbF
fac6	1	group	3	6693.821000	2231.273667	233.13	<.0001
fac6	3	group	3	6693.821000	2231.273667	233.13	<.0001
