Dependent	HypothesisType	Source	DF	SS	MS	FValue	ProbF
fac3	1	prompt	1	41463.13633	41463.13633	909.53	<.0001
fac3	3	prompt	1	41463.13633	41463.13633	909.53	<.0001
