Dependent	HypothesisType	Source	DF	SS	MS	FValue	ProbF
fac7	1	source	1	3362.325333	3362.325333	406.45	<.0001
fac7	3	source	1	3362.325333	3362.325333	406.45	<.0001
