Dependent	HypothesisType	Source	DF	SS	MS	FValue	ProbF
fac4	1	model	3	9247.610750	3082.536917	162.54	<.0001
fac4	3	model	3	9247.610750	3082.536917	162.54	<.0001
