Dependent	HypothesisType	Source	DF	SS	MS	FValue	ProbF
fac2	1	source	1	14487.01875	14487.01875	165.33	<.0001
fac2	3	source	1	14487.01875	14487.01875	165.33	<.0001
