Dependent	HypothesisType	Source	DF	SS	MS	FValue	ProbF
fac3	1	prompt	1	42903.00833	42903.00833	798.11	<.0001
fac3	3	prompt	1	42903.00833	42903.00833	798.11	<.0001
