Dependent	HypothesisType	Source	DF	SS	MS	FValue	ProbF
fac4	1	prompt	1	11036.17200	11036.17200	401.34	<.0001
fac4	3	prompt	1	11036.17200	11036.17200	401.34	<.0001
