Dependent	HypothesisType	Source	DF	SS	MS	FValue	ProbF
fac6	1	source	1	3575.208333	3575.208333	345.55	<.0001
fac6	3	source	1	3575.208333	3575.208333	345.55	<.0001
