Dependent	HypothesisType	Source	DF	SS	MS	FValue	ProbF
fac2	1	prompt	1	32150.68033	32150.68033	246.85	<.0001
fac2	3	prompt	1	32150.68033	32150.68033	246.85	<.0001
