Dependent	HypothesisType	Source	DF	SS	MS	FValue	ProbF
fac3	1	model	3	73134.69100	24378.23033	527.47	<.0001
fac3	3	model	3	73134.69100	24378.23033	527.47	<.0001
