Dependent	HypothesisType	Source	DF	SS	MS	FValue	ProbF
fac4	1	prompt	1	4850.136750	4850.136750	241.84	<.0001
fac4	3	prompt	1	4850.136750	4850.136750	241.84	<.0001
