Dependent	HypothesisType	Source	DF	SS	MS	FValue	ProbF
fac5	1	source	1	1595.052083	1595.052083	170.06	<.0001
fac5	3	source	1	1595.052083	1595.052083	170.06	<.0001
