Dependent	HypothesisType	Source	DF	SS	MS	FValue	ProbF
fac5	1	group	3	3202.784750	1067.594917	118.86	<.0001
fac5	3	group	3	3202.784750	1067.594917	118.86	<.0001
