Effect	group	N	Mean fac2	SD fac2
group	human	1000	20.7250000	11.4716596
group	persona_gemini	1000	7.9910000	4.2938743
group	persona_gpt	1000	25.5340000	12.2323536
group	persona_grok	1000	9.0080000	5.2357759
