Effect	source	N	Mean fac5	SD fac5
source	ai	3000	1.93966667	2.81649974
source	human	1000	3.39800000	3.70449987
