Effect	prompt	N	Mean fac6	SD fac6
prompt	human	1000	4.92300000	4.00713465
prompt	persona	3000	2.73966667	2.90586325
