Effect	source	N	Mean fac1	SD fac1
source	ai	3000	7.6273333	5.9503716
source	human	1000	26.2210000	14.1886390
