Effect	prompt	N	Mean fac2	SD fac2
prompt	human	1000	20.7250000	11.4716596
prompt	persona	3000	14.1776667	11.3927184
