Effect	prompt	N	Mean fac1	SD fac1
prompt	human	1000	24.6930000	14.9535400
prompt	persona	3000	6.8916667	6.2576606
