Effect	prompt	N	Mean fac3	SD fac3
prompt	human	1000	14.8310000	9.92082970
prompt	persona	3000	7.2676667	6.23508727
