Effect	group	N	Mean fac3	SD fac3
group	human	1000	14.8310000	9.92082970
group	persona_gemini	1000	5.0070000	3.91743504
group	persona_gpt	1000	11.7570000	7.44643542
group	persona_grok	1000	5.0390000	3.95589789
