Effect	source	N	Mean fac3	SD fac3
source	ai	3000	7.2676667	6.23508727
source	human	1000	14.8310000	9.92082970
