Effect	model	N	Mean fac7	SD fac7
model	gemini	1000	1.10700000	1.62855863
model	gpt	1000	3.11200000	3.14791445
model	grok	1000	1.17700000	1.70545583
model	human	1000	3.91600000	3.87865801
