Effect	model	N	Mean fac3	SD fac3
model	gemini	1000	5.0070000	3.91743504
model	gpt	1000	11.7570000	7.44643542
model	grok	1000	5.0390000	3.95589789
model	human	1000	14.8310000	9.92082970
