Effect	model	N	Mean fac2	SD fac2
model	gemini	1000	5.3000000	3.34143160
model	gpt	1000	20.0150000	9.95650074
model	grok	1000	6.1160000	4.10455739
model	human	1000	14.8720000	9.30592372
