Effect	model	N	Mean fac1	SD fac1
model	gemini	1000	3.9980000	2.9326774
model	gpt	1000	12.1080000	7.5121747
model	grok	1000	4.5690000	3.3912741
model	human	1000	24.6930000	14.9535400
