Effect	prompt	N	Mean fac7	SD fac7
prompt	human	1000	3.91600000	3.87865801
prompt	persona	3000	1.79866667	2.45291741
