Effect	group	N	Mean fac1	SD fac1
group	human	1000	26.2210000	14.1886390
group	persona_gemini	1000	4.6380000	2.7677819
group	persona_gpt	1000	13.1330000	6.5147335
group	persona_grok	1000	5.1110000	3.2501142
