Effect	source	N	Mean fac2	SD fac2
source	ai	3000	10.4770000	9.37902588
source	human	1000	14.8720000	9.30592372
