Effect	model	N	Mean fac4	SD fac4
model	gemini	1000	2.21100000	2.95418452
model	gpt	1000	4.91200000	5.06615455
model	grok	1000	2.50100000	3.15847669
model	human	1000	5.75100000	5.61146037
