Effect	source	N	Mean fac3	SD fac3
source	ai	3000	6.1026667	5.24473978
source	human	1000	13.5380000	9.99321872
