Effect	model	N	Mean fac4	SD fac4
model	gemini	1000	2.91400000	3.32139062
model	gpt	1000	6.87600000	5.71798210
model	grok	1000	3.25700000	3.53375699
model	human	1000	8.18500000	6.64732743
