Effect	group	N	Mean fac1	SD fac1
group	human	1000	24.6930000	14.9535400
group	persona_gemini	1000	3.9980000	2.9326774
group	persona_gpt	1000	12.1080000	7.5121747
group	persona_grok	1000	4.5690000	3.3912741
