Effect	group	N	Mean fac4	SD fac4
group	human	1000	8.18500000	6.64732743
group	persona_gemini	1000	2.91400000	3.32139062
group	persona_gpt	1000	6.87600000	5.71798210
group	persona_grok	1000	3.25700000	3.53375699
