Effect	prompt	N	Mean fac4	SD fac4
prompt	human	1000	5.75100000	5.61146037
prompt	persona	3000	3.20800000	4.03065148
