Effect	prompt	N	Mean fac2	SD fac2
prompt	human	1000	14.8720000	9.30592372
prompt	persona	3000	10.4770000	9.37902588
