Effect	source	N	Mean fac6	SD fac6
source	ai	3000	2.73966667	2.90586325
source	human	1000	4.92300000	4.00713465
