Effect	source	N	Mean fac4	SD fac4
source	ai	3000	3.20800000	4.03065148
source	human	1000	5.75100000	5.61146037
