Effect	source	N	Mean fac2	SD fac2
source	ai	3000	14.1776667	11.3927184
source	human	1000	20.7250000	11.4716596
