Effect	source	N	Mean fac1	SD fac1
source	ai	3000	6.8916667	6.2576606
source	human	1000	24.6930000	14.9535400
