Effect	prompt	N	Mean fac1	SD fac1
prompt	human	1000	26.2210000	14.1886390
prompt	persona	3000	7.6273333	5.9503716
