Effect	prompt	N	Mean fac4	SD fac4
prompt	human	1000	8.18500000	6.64732743
prompt	persona	3000	4.34900000	4.68392770
