Effect	source	N	Mean fac7	SD fac7
source	ai	3000	1.79866667	2.45291741
source	human	1000	3.91600000	3.87865801
