Effect	prompt	N	Mean fac3	SD fac3
prompt	human	1000	13.5380000	9.99321872
prompt	persona	3000	6.1026667	5.24473978
