Effect	prompt	N	Mean fac5	SD fac5
prompt	human	1000	3.39800000	3.70449987
prompt	persona	3000	1.93966667	2.81649974
