Effect	source	N	Mean fac4	SD fac4
source	ai	3000	4.34900000	4.68392770
source	human	1000	8.18500000	6.64732743
