Dependent	RSquare	CV	RootMSE	DepMean
fac2	0.039711	80.86571	9.360813	11.57575
