Dependent	RSquare	CV	RootMSE	DepMean
fac2	0.408988	57.17967	9.042679	15.81450
