Dependent	RSquare	CV	RootMSE	DepMean
fac6	0.148950	94.16285	3.093720	3.285500
