Dependent	RSquare	CV	RootMSE	DepMean
fac4	0.170892	94.38628	5.010024	5.308000
