Dependent	RSquare	CV	RootMSE	DepMean
fac4	0.057041	116.5076	4.478262	3.843750
