Dependent	RSquare	CV	RootMSE	DepMean
fac6	0.079555	97.90217	3.216576	3.285500
