Dependent	RSquare	CV	RootMSE	DepMean
fac3	0.166408	80.05475	7.331814	9.158500
