Dependent	RSquare	CV	RootMSE	DepMean
fac2	0.414681	63.14930	7.310005	11.57575
