Dependent	RSquare	CV	RootMSE	DepMean
fac4	0.108758	113.2960	4.354813	3.843750
