Dependent	RSquare	CV	RootMSE	DepMean
fac1	0.410841	81.40514	9.232971	11.34200
