Dependent	RSquare	CV	RootMSE	DepMean
fac5	0.040800	132.9116	3.062615	2.304250
