Dependent	RSquare	CV	RootMSE	DepMean
fac1	0.457634	71.41886	8.767201	12.27575
