Dependent	RSquare	CV	RootMSE	DepMean
fac3	0.283668	74.22944	6.798303	9.158500
