Dependent	RSquare	CV	RootMSE	DepMean
fac3	0.185333	84.80630	6.751854	7.961500
