Dependent	RSquare	CV	RootMSE	DepMean
fac3	0.287033	79.35630	6.317952	7.961500
