Dependent	RSquare	CV	RootMSE	DepMean
fac7	0.092281	123.5477	2.876190	2.328000
