Dependent	RSquare	CV	RootMSE	DepMean
fac1	0.538081	65.92628	8.092946	12.27575
