Dependent	RSquare	CV	RootMSE	DepMean
fac7	0.163358	118.6418	2.761980	2.328000
