Dependent	RSquare	CV	RootMSE	DepMean
fac5	0.081924	130.0637	2.996993	2.304250
