Dependent	RSquare	CV	RootMSE	DepMean
fac2	0.058152	72.16475	11.41250	15.81450
