Dependent	RSquare	CV	RootMSE	DepMean
fac4	0.091227	98.79213	5.243886	5.308000
