Dependent	RSquare	CV	RootMSE	DepMean
fac1	0.481678	76.37374	8.662310	11.34200
